{
  "7": {"T":104,"x":300,"y":0,"z":270,"t":3, "spd":0.2, "acc":5},
  "6": {"T":104,"x":300.0232495,"y":-50,"z":270,"t":3, "spd":0.2, "acc":5},
  "5": {"T":104,"x":300.0232495,"y":-50,"z":270,"t":3.897845182, "spd":0.2, "acc":5},
  "4": {"T":104,"x":360.6600283,"y":-83.57026194,"z":10,"t":3.897845182, "spd":0.2, "acc":5}, 
  "3": {"T":104,"x":360.6600283,"y":-83.57026194,"z":5.392861544,"t":3.897845182, "spd":0.2, "acc":5, "release": true}, 
  "2": {"T":104,"x":360.6600283,"y":-81.57026194,"z":190,"t":3.897845182, "spd":0.2, "acc":5},
  "1": {"T":104,"x":300,"y":0,"z":270,"t":3, "spd":0.2, "acc":5}
}
