{
  "1": {"T":104,"x":300,"y":0,"z":270,"t":3, "spd":0.3, "acc":5},
   "2": {"T":104,"x":310.9650499,"y":0,"z":270,"t":4.080388896, "spd":0.3, "acc":5},
  "3": {"T":104,"x":309.9650499,"y":-13.00794656,"z":-4.4452438,"t":4.080388896, "spd":0.3, "acc":5, "grab": true},
  "4": {"T":104,"x":320.9650499,"y":-8.00794656,"z":45.4452438,"t":4, "spd":0.3, "acc":5},
  "5": {"T":104,"x":300,"y":0,"z":175,"t":3.9, "spd":0.3, "acc":5}, 
  "6": {"T":104,"x":300,"y":0,"z":205,"t":3.5, "spd":0.3, "acc":5},
  "7": {"T":104,"x":300,"y":0,"z":270,"t":3, "spd":0.3, "acc":5}
}
