{
	"1": {"T":104,"x":300,"y":0,"z":270,"t":3, "spd":0.2, "acc":2},
	"2": {"T":104,"x":70.34968689,"y":66.4594865,"z":35,"t":4.126408319,"spd":0.2, "acc":2},
	"3": {"T":104,"x":69.08301944,"y":65.09883772,"z":-20.33796032,"t":4.418660784,"spd":0.2, "acc":2,"grab": true},
	"4": {"T":104,"x":68.74641714,"y":64.4998753,"z":62,"t":3.704854957,"spd":0.2, "acc":2},
	"5": {"T":104,"x":68.05489504,"y":64.53967944,"z":192.14155227,"t":3.290466527,"spd":0.2, "acc":2},
	"6": {"T":104,"x":300,"y":0,"z":270,"t":3, "spd":0.2, "acc":2}
}
