{
	"9": {"T":104,"x":300,"y":0,"z":270,"t":3, "spd":0.2, "acc":2},
"8": {"T":104,"x":107.6931824,"y":-77.33865161,"z":-11.82479645,"b":-0.6227962,"s":-0.09664079,"e":2.773437264,"t":4.868855021,"torB":0,"torS":0,"torE":0,"torH":0,"spd":0.2, "acc":2},
"7": {"T":104,"x":103.6238331,"y":-77.84275257,"z":-30.35657197,"b":-0.644271931,"s":0.044485443,"e":2.773437264,"t":4.878058905,"torB":0,"torS":0,"torE":0,"torH":0,"spd":0.2, "acc":2},
"6": {"T":104,"x":102.6121411,"y":-73.68975877,"z":-41.94618375,"b":-0.6227962,"s":0.134990309,"e":2.773437264,"t":4.86732104,"torB":0,"torS":0,"torE":0,"torH":0,"spd":0.2, "acc":2},
"5": {"T":104,"x":105.9513277,"y":-90.26635116,"z":-35.81712705,"b":-0.705631162,"s":0.113514578,"e":2.728951822,"t":4.589670517,"torB":0,"torS":0,"torE":0,"torH":0,"spd":0.2, "acc":2},
"4": {"T":104,"x":105.9513277,"y":-90.26635116,"z":-35.81712705,"b":-0.705631162,"s":0.113514578,"e":2.728951822,"t":4.589670517,"torB":0,"torS":0,"torE":0,"torH":0,"spd":0.2, "acc":2, "release":true},
"3": {"T":104,"x":106.2912361,"y":-86.68660346,"z":13.96147225,"b":-0.684155431,"s":-0.265378676,"e":2.753495514,"t":4.591204498,"torB":0,"torS":0,"torE":0,"torH":0,"spd":0.2, "acc":2},
"2": {"T":104,"x":132.8761412,"y":-108.3681194,"z":111.3047942,"b":-0.684155431,"s":-0.492407833,"e":2.47277703,"t":4.591204498,"torB":0,"torS":0,"torE":0,"torH":0,"spd":0.2, "acc":2},
"1": {"T":104,"x":300,"y":0,"z":270,"t":3, "spd":0.2, "acc":2}
}
