{"1": {"T":1051,"x":271.170148,"y":17.91268745,"z":129.5282884,"b":0.065961174,"s":-0.069029135,"e":2.038660467,"t":2.758097457,"torB":136,"torS":0,"torE":0,"torH":0},
"2": {"T":1051,"x":123.7183873,"y":-136.0821061,"z":229.7209854,"b":-0.832951568,"s":-0.539961237,"e":2.070874064,"t":2.742757649,"torB":0,"torS":-92,"torE":24,"torH":0},
"3": {"T":1051,"x":131.3584488,"y":-144.4856723,"z":8.128057685,"b":-0.832951568,"s":0.012271846,"e":2.51112655,"t":2.791845034,"torB":0,"torS":0,"torE":0,"torH":-144},
"4": {"T":1051,"x":126.3793729,"y":-131.5230811,"z":-43.41654683,"b":-0.805339914,"s":0.260776734,"e":2.544874127,"t":2.788777072,"torB":120,"torS":24,"torE":0,"torH":0},
"5": {"T":1051,"x":108.33463,"y":-123.6594647,"z":-46.25156134,"b":-0.851359337,"s":0.242368964,"e":2.615437243,"t":2.74582561,"torB":100,"torS":0,"torE":0,"torH":0},
"6": {"T":1051,"x":112.7789125,"y":-121.4746386,"z":-46.25156134,"b":-0.831417587,"s":0.242368964,"e":2.615437243,"t":2.730485802,"torB":-20,"torS":0,"torE":0,"torH":76},
"7": {"T":1051,"x":64.54260501,"y":-66.75836005,"z":142.9001008,"b":-0.802271952,"s":-1.027767128,"e":2.616971224,"t":2.572485781,"torB":0,"torS":104,"torE":0,"torH":0},
"8": {"T":1051,"x":271.170148,"y":17.91268745,"z":129.5282884,"b":0.065961174,"s":-0.069029135,"e":2.038660467,"t":2.758097457,"torB":136,"torS":0,"torE":0,"torH":0}
    
}
